market_segment_type,room_type_reserved,avg_price
Aviation,"Room_Type 4",110
Complementary,"Room_Type 4",14.5
Complementary,"Room_Type 1",0.65
Complementary,"Room_Type 2",0
Complementary,"Room_Type 7",0
Corporate,"Room_Type 4",103
Corporate,"Room_Type 1",81.60884615384614
Offline,"Room_Type 5",123.83
Offline,"Room_Type 2",95
Offline,"Room_Type 1",91.1490322580645
Offline,"Room_Type 4",73.25384615384615
Online,"Room_Type 7",202.796
Online,"Room_Type 6",182.9888888888889
Online,"Room_Type 4",130.68566371681425
Online,"Room_Type 5",117.86
Online,"Room_Type 2",103.79333333333334
Online,"Room_Type 1",102.45470588235291
